Agent,Secret Role,wins,losses,Win Rate,error,conf_int
SO-ISMCTS Agent,fascist,5062,1485,0.773,0.01,"(0.7630345635576098, 0.7833225465691659)"
Random Agent,fascist,4675,2053,0.695,0.011,"(0.6838544828189368, 0.7058601426269608)"
SO-ISMCTS Agent,hitler,2338,1016,0.697,0.016,"(0.6815266039983596, 0.7126296273671742)"
Random Agent,liberal,3534,11797,0.231,0.007,"(0.22384663107403824, 0.23718004689869676)"
SO-ISMCTS Agent,liberal,4285,10624,0.287,0.007,"(0.2801459724987402, 0.29467460567551695)"
Selfish Agent,liberal,4314,10768,0.286,0.007,"(0.27882414269777034, 0.2932485267094701)"
Selfish Agent,hitler,2622,758,0.776,0.014,"(0.7616783931148412, 0.7898008968259873)"
Selfish Agent,fascist,5066,1650,0.754,0.01,"(0.7440223287896847, 0.7646137641227632)"
Random Agent,hitler,2401,973,0.712,0.015,"(0.6963326402542958, 0.7269038742685259)"
