win_reason,number_wins,percentage_of_total
hitler_killed,1196,0.11832212109220419
six_fascist_policies,2538,0.25108824693312226
hitler_elected,4823,0.47714681440443213
five_liberal_policies,1551,0.1534428175702414
