agent,wins,losses,win_rate,error,conf_int
Random Agent,10610,14823,0.417,0.006,"(0.411114469675117, 0.42323460436255056)"
SO-ISMCTS Agent,11685,13125,0.471,0.006,"(0.464768294611036, 0.4771905929343086)"
Selfish Agent,12002,13176,0.477,0.006,"(0.4705167104567412, 0.48285528096434066)"
