win_reason,number_wins,percentage_of_total
hitler_killed,994,0.11812240047534166
six_fascist_policies,2135,0.25371360665478315
hitler_elected,3978,0.4727272727272727
five_liberal_policies,1308,0.15543672014260249
